brand,key,name,subhead,description,rating,rating_count,ingredients,rating_by_reviews
breyers,6_breyers,Vanilla Chocolate Strawberry,"","Vanilla ice cream. Chocolate ice cream. Strawberry ice cream. All in one!? Oh my! The Breyers® take on the classic Neopolitan ice cream is the best of 3 worlds! Our Signature Natural Vanilla, Chocolate and Strawberry ice creams come together in one delicious package. Whether one at a time or all three in a scoop, there’s something for everyone!","","","",2.25
breyers,9_breyers,Delights Cookies & Cream,"","Now you can indulge without all the guilt! Who knew that a whole pint of Cookies and Cream ice cream was 330 calories, and tasted delicious too...we did! That's because here at Breyers®, we have over 150 years of experience making mouth-watering ice cream. We start with high quality ingredients, naturally sourced flavors, and all American dairy. This low fat ice cream will leave your taste buds in disbelief. And it’s even a good source of protein!","","","",0.9813759157509157
breyers,12_breyers,CarbSmart™ Vanilla,"","Watching your grams of sugar or carbs? Try our Breyers® CarbSmart™ Creamy Vanilla, with 110 calories, 4g net carbs, 4g sugar, and 4g fiber+ per serving! Sometimes, you just need a treat that you can grab and go and maybe even eat in four bites!","","","",2.15752192718883
breyers,13_breyers,Lactose Free Vanilla,"","Have a lactose sensitivity? No problem! Try our Breyers® Lactose Free Vanilla! It’s the same great vanilla, just without the lactose*!","","","",3.0135382059800664
breyers,14_breyers,No Sugar Added Vanilla,"","Simply delicious and satisfying. Breyers® No Sugar Added Vanilla is a great way to enjoy dessert time, without all the guilt. It’s the vanilla you love and expect from Breyers®, without sugar – what can be sweeter? Your sweet tooth can indulge in the smooth, creamy vanilla that has just the perfect amount of sweet.","","","",2.9514285714285715
breyers,16_breyers,OREO® & CHIPS AHOY!® 2in1,"","OREO® or CHIPS AHOY!® cookies? With Breyers® 2in1 you don't have to choose! You can get the best of both worlds - vanilla Breyers® loaded with pieces of REAL OREO® cookies, swirled together with caramel Breyers® AND pieces of REAL CHIPS AHOY!® cookies. It’s sure to be your new favorite dessert.","","","",1.9372082166199813
breyers,17_breyers,Vanilla Caramel,"",Torn between sweet or salty for dessert? Give in to the perfect balance between the two in Breyers® Vanilla Caramel. A classic blend of rich vanilla and indulgent caramel. It’s our signature Breyers® Natural Vanilla ice cream with a luscious caramel swirl. What can be better?,"","","",2.25
breyers,18_breyers,Vanilla Caramel Gelato Indulgences,"","Give in to the temptation of creamy vanilla gelato, luscious caramel sauce and gourmet caramelly curls.",4.5,85,"SKIM MILK, CORN SYRUP, SUGAR, MILK, COCONUT OIL, WHEY, BUTTER, CREAM, SALT, MILK FAT, PECTIN, COCOA BUTTER, VEGETABLE GUMS, LOCUST BEAN, GUAR, MONO AND DIGLYCERIDES, NATURAL FLAVOR, SOY LECITHIN, SODIUM BICARBONATE, SALT, COCOA POWDER, LACTASE, ANNATTO (FOR COLOR), PGPR, WATER",2.6351294903926488
breyers,19_breyers,Chocolate Mint,"","Breyers® rich cocoa ice cream with swirls of real peppermint extract? Pass that Breyers® Chocolate Mint ice cream over this way! With the perfect combination of sweet and cool mint, this flavor is a must try!","","","",0.75
breyers,20_breyers,Peach,"",Breyers® Peach - real juicy peach pieces mixed into creamy vanilla. A genuine taste of summer sweetness all year round!,"","","",1.8658622423328304
breyers,23_breyers,CarbSmart™ Peanut Butter,"",Breyers® CarbSmart™ proves that fewer carbs doesn't mean less taste. Make sweeter family moments while keeping carb-watchers happy by the bar or by the scoop. Treat yourself to a scoop of Breyers® CarbSmart™ Peanut Butter —5 grams of net carbs+ and 130 calories per serving!,"","","",3.1011904761904763
breyers,26_breyers,Non-Dairy Vanilla Peanut Butter,"","Love ice cream but can’t stomach the dairy? Have no fear! Breyers® Non-Dairy Vanilla Peanut Butter is here! Made with real almond milk and filled with luscious swirls of real peanut butter – there’s no milk in sight. If you’re anything like us, you love Breyers® vanilla and spoonfuls of peanut butter. So why not combine your love into one tub with Breyers® Non-Dairy Vanilla Peanut Butter? And now, even those who usually shy away from delicious ice cream can rejoice and join in! Really, who can say there’s ever too much of a good thing – like peanut butter and Non-Dairy Breyers®? Rich, creamy vanilla goodness surrounds those beautiful swirls of peanut butter and will be sure to bring a smile to your face.","","","",4.261363636363637
breyers,29_breyers,REESE'S & REESE'S PIECES 2in1,"","REESE'S PIECES or REESE'S Peanut Butter Cups? When it comes to your favorite REESE'S candy, you don’t have to choose with Breyers® 2in1s. You can get the best of both REESE'S filled worlds – peanut butter Breyers® loaded with pieces of 100% REAL REESE'S Peanut Butter Cups, swirled together with chocolate Breyers® and loads of REAL REESE'S PIECES Mini Candies. It’s sure to be your new favorite dessert.","","","",2.1175070028011205
breyers,31_breyers,SNICKERS®,"","Breyers® joins forces with America’s favorite candy bar to bring you Breyers® SNICKERS®! Caramel ribbons, chocolate coated peanuts, and real SNICKERS® bar pieces are swirled together with smooth vanilla Breyers® for a dessert that can’t be beat.","","","",1.4565656565656566
breyers,32_breyers,SNICKERS® & M&M'S® 2in1,"","SNICKERS® or M&M'S®? When it comes to your favorite candy SNICKERS®, and your other favorite candy M&M'S®, you don’t have to choose with New Breyers® 2in1s. Now you can get the best of both worlds – caramel Breyers® loaded with pieces of REAL SNICKERS®, swirled together with chocolate Breyers® and heaps of REAL M&M'S® MINIS Milk Chocolate Candies. It’s sure to be your new favorite dessert.","","","",2.520833333333333
breyers,35_breyers,No Sugar Added Butter Pecan,"","Simply delicious vanilla with butter roasted pecans. Breyers® No Sugar Added Butter Pecan is a great way to enjoy dessert time, without all the guilt. It’s the vanilla you love and expect from Breyers® plus chunks of butter roasted pecans, without sugar – what can be sweeter? Your sweet tooth can indulge in the smooth, creamy vanilla that has just the perfect amount of sweet.","","","",1.4666666666666668
breyers,38_breyers,Butter Pecan,"","Discover Breyers® Butter Pecan with rich vanilla and butter-roasted pecan pieces. So good, it’s nuts! Our pecans were roasted in butter and then surrounded by delicious Breyers® vanilla to give you a delicious tasting dessert.","","","",0.8833333333333333
breyers,41_breyers,OREO® Snack Cups 10ct,"","Breyers® vanilla with real OREO®? Yes please! If you’re anything like us, you love Breyers® vanilla and OREO® cookies. So why not combine your love with Breyers® OREO® Cookies & Cream?","","","",2.5
breyers,42_breyers,REESE'S Chocolate,"",Breyers® joins forces with America’s favorite peanut butter chocolate candy to bring you Breyers® REESE'S Chocolate! Chocolate Breyers® is loaded with chunks of 100% REAL REESE'S Peanut Butter Cups and a REESE'S peanut butter swirl for a dessert that can’t be beat.,"","","",0.6416666666666666
breyers,44_breyers,Creamsicle,"",Breyers® joins forces with one of your favorite summer treats to bring you Breyers® Creamsicle®! Breyers® vanilla and orange Creamsicle® are swirled together for a dessert that can’t be beat.,"","","",1.774891774891775
breyers,45_breyers,New York Style Cheesecake,"","Can’t get enough of rich, creamy cheesecake? You’re in luck! Treat yourself to delicious cheesecake-flavored Breyers® swirled with luscious strawberry sauce and chunks of graham-covered cheesecake pieces.","","","",1.2916666666666665
breyers,49_breyers,Chocolate Chip Cookie Dough,"","With creamy vanilla and chunks of cookie dough, Breyers® Chocolate Chip Cookie Dough is sure to satisfy any craving! Less bake time, more play time! Chunks of chewy chocolate chip cookie dough folded into Breyers® creamy vanilla make Breyers® Chocolate Chip Cookie Dough a chunky, chewy taste-bud pleaser.","","","",1.7535714285714286
breyers,50_breyers,Non-Dairy OREO® Cookies & Cream,"","Love ice cream but can’t stomach the dairy? Have no fear! Breyers® Non-Dairy OREO® Cookies & Cream is here! Made with real almond milk and filled with loads of 100% REAL OREO® cookies – there’s no milk in sight. If you’re anything like us, you love Breyers® vanilla and OREO® cookies. So why not combine your love into one tub with Breyers® Non-Dairy OREO® Cookies & Cream? And now, even those who usually shy away from delicious ice cream can rejoice and join in!","","","",1.2229797979797978
breyers,52_breyers,Vanilla Chocolate,"","Breyers® Natural Vanilla ice cream and Breyers® Chocolate ice cream, together in one tub? It’s the best of both worlds! No need to choose your favorite dessert, when you can have both in one scoop.","","","",3.7926829268292686
breyers,53_breyers,Chocolate Chip,"","Chip out with rich and creamy vanilla Breyers® mixed with rich chocolatey chips! Breyers® Chocolate Chip, for those days when you don’t want something too complicated. The simplicity of vanilla and chocolate, in just the right combination, hits the spot!","","","",0.8333333333333334
breyers,57_breyers,Salted Caramel,"",Torn between sweet or salty for dessert? Give in to the perfect balance between the two with Breyers® Salted Caramel. Savor a scoop of smooth salted caramel goodness wrapped with a gooey salted caramel swirl for the ultimate salted caramel indulgence.,"","","",1.8333333333333333
breyers,58_breyers,Ice Cream Cake,"","Breyers® Ice Cream Cake is bite after bite of one of America's favorite party treats. Between layers of our signature Breyers® Natural Vanilla ice cream, is Breyers® Chocolate Ice Cream, bursting with loads of chocolatey crunchies. It's the perfect treat for even the smallest occasion.","","","",1.7520833333333334
breyers,60_breyers,Chocolate Peanut Butter,"","Delicious Breyers® Chocolate Ice Cream is thoroughly swirled through with real peanut butter, making Chocolate Peanut Butter one spoon-lickin' good ice cream, perfect for sharing….or not! It’s the Breyers® Chocolate ice cream you love with swirls of peanut butter. What could go wrong?","","","",1.176851851851852
breyers,61_breyers,Natural Vanilla Snack Cups 10ct,"",Discover Breyers® Vanilla Ice Cream Snack Cups. Enjoy the delicious taste of America's favorite vanilla in a perfectly portioned 3 ounce serving.,"","","",3.288888888888889
breyers,62_breyers,Butterscotch Blondie,"",Sweet blondie pieces scattered throughout subtle vanilla bring out the brown sugar and butter flavors of butterscotch. Breyers® Butterscotch Blondie is a butterscotch lover’s dream! How sweet it is to bite into pieces of blondies! And it’s even sweeter knowing that we put high quality ingredients into every tub.,"","","",1.130952380952381
breyers,63_breyers,Chocolate Snack Cups 10ct,"","Breyers® Chocolate ice cream - rich, creamy, with just the right amount of sweetness and real cocoa! Who can resist? It’s deliciously snackable in a perfectly portioned 3 fl oz. serving ice cream cup.","","","",3.0
breyers,64_breyers,CINNABON®,"","Calling all cinnamon roll lovers! We teamed up with CINNABON®, one of our favorite treats, to create our bakery-inspired Breyers® CINNABON®.","","","",2.222222222222222
breyers,66_breyers,Layered Dessert S'mores,"",Calling all S'mores lovers! Make sure you don't miss out on our Layered Dessert S'mores. We start with smooth Breyers® and stir in sweet graham pieces between two layers of chocolate with marshmallows.,"","","",0.675
bj,1_bj,Netflix & Chilll'd™,Peanut Butter Ice Cream with Sweet & Salty Pretzel Swirls & Fudge Brownies,"There’s something for everyone to watch on Netflix & flavors for everyone to enjoy from Ben & Jerry’s, so we’ve teamed up to bring you a chillaxing new creation that’s certain to satisfy any sweet or salty snack craving. It’s a flavorful world, and everyone is invited to grab a spoon.",4.0,127,"CREAM, SKIM MILK, LIQUID SUGAR (SUGAR, WATER), WATER, SUGAR, PEANUTS, WHEAT FLOUR, CANOLA OIL, EGG YOLKS, CORN STARCH, PEANUT OIL, COCOA POWDER, SALT, SOYBEAN OIL, INVERT CANE SUGAR, MILK FAT, EGGS, EGG WHITES, GUAR GUM, SOY LECITHIN, TAPIOCA STARCH, BAKING SODA, CARRAGEENAN, VANILLA EXTRACT, BARLEY MALT, MALTED BARLEY FLOUR",1.1991762235112617
bj,2_bj,Chip Happens,A Cold Mess of Chocolate Ice Cream with Fudge Chips & Crunchy Potato Chip Swirls,"Sometimes “chip” happens and everything’s a mess, but we Nailed It! with this chip-filled limited batch. When smooth chocolate ice cream meets fudge chips & salty swirls, they pack a serious one-two crunch. The best part? There won’t be anything left to clean up.",4.7,130,"CREAM, LIQUID SUGAR (SUGAR, WATER), SKIM MILK, WATER, SUGAR, COCOA (PROCESSED WITH ALKALI), POTATO, COCONUT OIL, CORN SYRUP SOLIDS, SOYBEAN OIL, EGG YOLKS, RICE STARCH, SUNFLOWER OIL, BARLEY MALT, COCOA POWDER, WHEAT FLOUR, MILK, SALT, SOY LECITHIN, YEAST EXTRACT, NATURAL FLAVOR, GUAR GUM, SEA SALT, MILKFAT, VANILLA EXTRACT, ENZYMES, CARRAGEENAN, BAKING SODA. CONTAINS MILK, EGGS, WHEAT AND SOY",1.4622696953083456
bj,3_bj,Cannoli,Mascarpone Ice Cream with Fudge-Covered Pastry Shell Pieces & Mascarpone Swirls,"As a Limited Batch that captured the rapture of the classic Sicilian dessert, our Cannoli captivated fans like no other Cannoli could. Now that it’s a full-time flavor, you and your Cannoli can re-capture the rapture all over again.",3.6,70,"CREAM, SKIM MILK, LIQUID SUGAR (SUGAR, WATER),  WATER, CORN SYRUP, COCONUT OIL, SUGAR, DRIED CANE SYRUP, EGG YOLKS, WHEAT FLOUR, MILK, COCOA, NATURAL FLAVOR, GUAR GUM, SOY LECITHIN, BUTTER OIL, NATURAL FLAVORS, LOCUST BEAN GUM, SALT, CITRIC ACID, VANILLA BEAN SEEDS, SOYBEAN OIL, TAPIOCA STARCH, LACTIC ACID, CARRAGEENAN",2.787480667480668
bj,4_bj,Gimme S’more!™,"Toasted Marshmallow Ice Cream with Chocolate Cookie Swirls, Graham Cracker Swirls & Fudge Flakes","It’s a gimme: there’s always room for s’more. And we’re pretty sure you’ll want to make s’more room in your freezer for this ‘shmallowy-rich, graham-good-‘n-chocolatey concoction now that it's full time flavor!.",4.5,281,"CREAM, SKIM MILK, WATER, LIQUID SUGAR (SUGAR, WATER), SUGAR, CANOLA OIL, SOYBEAN OIL, EGG YOLKS, CORN SYRUP, WHEAT FLOUR, COCONUT OIL, CORN STARCH, COCOA (PROCESSED WITH ALKALI), CORN SYRUP SOLIDS, COCOA, GRAHAM FLOUR, SALT, EGG WHITES, BUTTEROIL, TAPIOCA STARCH, GUAR GUM, SOY LECITHIN, BAKING SODA, NATURAL FLAVOR, MOLASSES, HONEY, VANILLA EXTRACT, PECTIN, CARAMELIZED SUGAR SYRUP, CARRAGEENAN",1.920470584583456
bj,5_bj,Peanut Butter Half Baked®,Chocolate & Peanut Butter Ice Creams Mixed with Gobs of Peanut Butter Cookie Dough & Fudge Brownies,"If you were more than a little bit smitten with half baked®’s peanut buttery cousin when it was a Limited Batch, we expect you could be a whole lot smittener now that it’s a full-time flavor. Enjoy!",4.9,14,"CREAM, LIQUID SUGAR (SUGAR, WATER), SKIM MILK, WATER, SUGAR, WHEAT FLOUR, PEANUTS, COCOA (PROCESSED WITH ALKALI), BROWN SUGAR, EGG YOLKS, COCOA POWDER, PEANUT OIL, SOYBEAN OIL, BUTTER (CREAM, SALT), INVERT CANE SUGAR, SALT, CHOCOLATE LIQUOR, EGGS, TAPIOCA FLOUR, PEANUT FLOUR, PEANUT EXTRACT, VANILLA EXTRACT, EGG WHITES, GUAR GUM, COCOA BUTTER, NATURAL FLAVOR, CARRAGEENAN, SOY LECITHIN, BAKING SODA, MALTED BARLEY FLOUR",4.545454545454545
bj,8_bj,Justice ReMix'd ™,Cinnamon & Chocolate Ice Creams with Gobs of Cinnamon Bun Dough & Spicy Fudge Brownies,"Now serving Justice ReMix’d: the flavor and action campaign dedicated to criminal justice reform. We’re proud to work with Advancement Project National Office in supporting reforms that invest in people instead of prisons. Together we can transform the system to deliver justice for all, instead of just some. Join us at benjerry.com/justice.",4.3,110,"CREAM, LIQUID SUGAR (SUGAR, WATER), SKIM MILK, WATER, SUGAR, WHEAT FLOUR, DRIED CANE SYRUP, COCOA (PROCESSED WITH ALKALI), EGG YOLKS, COCOA POWDER, SOYBEAN OIL, INVERT SUGAR, BUTTER (CREAM, SALT), COCONUT OIL, MOLASSES, SALT, EGGS, SPICES, BAKING SODA, CORN SYRUP, SOY LECITHIN, EGG WHITES, GUAR GUM, CINNAMON, NATURAL FLAVOR, CARRAGEENAN, VANILLA EXTRACT, MALTED BARLEY FLOUR",1.9626489493618435
bj,10_bj,Americone Dream®,Vanilla Ice Cream with Fudge-Covered Waffle Cone Pieces & a Caramel Swirl,"Founded in fudge-covered waffle cones, this caramel-swirled concoction is the only flavor that gets a s'cream of approval from The Late Show host, Stephen Colbert. What's sweeter is this flavor supports charitable causes through The Stephen Colbert AmeriCone Dream Fund.",4.7,370,"CREAM, SKIM MILK, LIQUID SUGAR (SUGAR, WATER), WATER, CORN SYRUP, DRIED CANE SYRUP, SUGAR, WHEAT FLOUR, EGG YOLKS, COCONUT OIL, BUTTER (CREAM, SALT), COCOA, VANILLA EXTRACT, NATURAL FLAVOR, SOY LECITHIN, SALT, BUTTER OIL, MILK, CARRAGEENAN, GUAR GUM, SOYBEAN OIL, BAKING SODA",1.664400352733686
bj,12_bj,Brewed to Matter™,Coffee Ice Cream with Fudge Chunks & a Brownie Batter Swirl,"We're thrilled to add this made-to-matter, brownie batter-swirled batchful of coffee awesomeness to the Ben & Jerry's family of flavors. It packs a powerful pintful of goodness that's guaranteed to amaze you with every consciously concocted bite.",4.7,35,"CREAM, SKIM MILK, LIQUID SUGAR (SUGAR, WATER), WATER, SUGAR, COFFEE EXTRACT, COCONUT OIL, EGG YOLKS, COCOA PROCESSED WITH ALKALI, WHEAT FLOUR, BUTTER (CREAM, SALT), CHOCOLATE LIQUOR, CORN SYRUP, COCOA POWDER, CANOLA OIL, GUAR GUM, SOY LECITHIN, SALT, CARRAGEENAN, NATURAL FLAVOR, MILK FAT, BAKING SODA, VANILLA EXTRACT",2.0
bj,15_bj,Chillin' the Roast™,Cold Brew Coffee Ice Cream with Chocolate Cookie-Covered Coffee Liqueur Truffles & Fudge Swirls,"Our cold brew coffee ice cream not only delivers a chillacious blast of creamy caffeination, it’s also loaded with enough coffee liqueur-filled, cookie crumble-covered truffles to fuel a truffolution.",3.3,172,"CREAM, SKIM MILK, LIQUID SUGAR (SUGAR, WATER), WATER, SUGAR, COCONUT OIL, EGG YOLKS, BUTTER (CREAM, SALT), COFFEE, WHEAT FLOUR, MILK PROTEIN CONCENTRATE, COCOA (PROCESSED WITH ALKALI), SOYBEAN OIL, GUAR GUM, NATURAL FLAVOR, SALT, CORN STARCH, CANOLA OIL, RUM, SOY LECITHIN, CHOCOLATE, BAKING SODA, CARRAGEENAN",1.3158208999672416
bj,17_bj,Chocolate Fudge Brownie,Chocolate Ice Cream with Fudge Brownies,"The fabulously fudgy brownies in this flavor come from New York’s Greyston Bakery, where producing great baked goods is part of their greater-good mission to provide jobs and training to low-income city residents.",3.4,204,"CREAM, LIQUID SUGAR (SUGAR, WATER), SKIM MILK, WATER, SUGAR, COCOA (PROCESSED WITH ALKALI), WHEAT FLOUR, COCOA POWDER, SOYBEAN OIL, EGG YOLKS, INVERT CANE SUGAR, EGGS, EGG WHITES, GUAR GUM, SALT, CARRAGEENAN, VANILLA EXTRACT, MALTED BARLEY FLOUR, SODIUM BICARBONATE",1.2435217114934696
bj,19_bj,Chocolate Therapy®,Chocolate Ice Cream with Chocolate Cookies & Swirls of Chocolate Pudding Ice Cream,"You know how sometimes you just want to scream? You could just scream, or you could grab a spoon, get a grip, and treat yourself to some primal s'cream therapy of the sublimest chocolate kind. (Euphoria may occur upon tasting.)",4.8,72,"CREAM, LIQUID SUGAR (SUGAR, WATER), SKIM MILK, WATER, COCOA (PROCESSED WITH ALKALI), WHEAT FLOUR, SUGAR, SOYBEAN OIL, BROWN SUGAR, EGG YOLKS, CHOCOLATE LIQUOR, COCOA, HONEY, GUAR GUM, COCOA BUTTER, VANILLA EXTRACT, SALT, BAKING SODA, NATURAL FLAVORS, SOY LECITHIN, CARRAGEENAN",1.3411027568922305
bj,20_bj,Chubby Hubby®,Vanilla Malt Ice Cream with Peanutty Fudge-Covered Pretzels with Fudge & Peanut Buttery Swirls,"Two tricksters convinced a co-worker this flavor really existed (it didn’t), then felt guilty & made him an actual batch packed with pretzels, peanut butter & fudge. He loved it, so did we, & the rest is history. Enjoy!",4.3,118,"CREAM, SKIM MILK, LIQUID SUGAR (SUGAR, WATER), WATER, SUGAR, PEANUTS, WHEAT FLOUR, COCONUT OIL, PARTIALLY DEFATTED PEANUT FLOUR, EGG YOLKS, BUTTER (CREAM, SALT), PEANUT OIL, BARLEY MALT, VANILLA EXTRACT, MILK, COCOA (PROCESSED WITH ALKALI), SALT, SOY LECITHIN, COCOA, CHOCOLATE LIQUOR, SOYBEAN OIL, GUAR GUM, ENZYMES, BAKING SODA, CARRAGEENAN",1.7152844932844935
bj,24_bj,Coffee Toffee Bar Crunch,Coffee Ice Cream with Fudge-Covered Toffee Pieces,Coffee What Bar Crunch?  We gave this flavor a new name to go with the new toffee bars we’re using as part of our commitment to source Fairtrade Certified and non-GMO ingredients.  We love it and know you will too!,2.9,302,"CREAM, SKIM MILK, LIQUID SUGAR (SUGAR, WATER), WATER, SUGAR, COCONUT OIL, COFFEE EXTRACT, EGG YOLKS, BUTTER (CREAM, SALT), ALMONDS, COCOA (PROCESSED WITH ALKALI), MILK, SOY LECITHIN, COCOA, NATURAL FLAVOR, SALT, VANILLA EXTRACT, VEGETABLE OIL (CANOLA, SAFFLOWER, AND/OR SUNFLOWER OIL), GUAR GUM, CARRAGEENAN",1.7825385841158043
bj,26_bj,Everything But The...®,"A Collision of Chocolate & Vanilla Ice Creams mixed with Peanut Butter Cups, Fudge-Covered Toffee Pieces, White Chocolatey Chunks & Fudge-Covered Almonds","We've combined some of your most favorite Ben & Jerry's flavors & swirled them into even bigger show-stoppers. Now you can enjoy them in tasty, twisted tandem!",3.8,72,"CREAM, SKIM MILK, LIQUID SUGAR (SUGAR, WATER), WATER, SUGAR, COCONUT OIL, COCOA (PROCESSED WITH ALKALI), EGG YOLKS, PEANUTS, ROASTED ALMONDS (ALMONDS, PEANUT OIL), PARTIALLY DEFATTED PEANUT FLOUR, DRIED CANE SYRUP, BUTTER (CREAM, SALT), VANILLA EXTRACT, MILK, COCOA, SOY LECITHIN, ALMONDS, SALT, GUAR GUM, NATURAL FLAVORS, MILK FAT, BUTTEROIL, VEGETABLE OIL (CANOLA, SAFFLOWER, AND/OR SUNFLOWER OIL), CARRAGEENAN, CORN MALTODEXTRIN",1.7532272325375773
bj,27_bj,Glampfire Trail Mix™,"Chocolate Ice Cream with Crunchy Pretzel Swirls, Marshmallow Swirls & Fudge-Covered Almonds","Inspired by glampfire tales of outdoorsy getaways filled with indoorsy perks, our trail mix is uber-chocolatey, nutty, marshmallowed-&-pretzeled, so you can get lost in the dessert without leaving the yurt.",4.7,68,"CREAM, LIQUID SUGAR (SUGAR, WATER), SKIM MILK, WATER, COCOA (PROCESSED WITH ALKALI), CORN SYRUP, SUGAR, CANOLA OIL, WHEAT FLOUR, CORN STARCH, ROASTED ALMONDS (ALMONDS, PEANUT OIL), DRIED CANE SYRUP, COCONUT OIL, EGG YOLKS, SALT, MILK FAT, COCOA, EGG WHITES, SOY LECITHIN, BUTTEROIL, VANILLA EXTRACT, GUAR GUM, TAPIOCA STARCH, NATURAL FLAVOR, PECTIN, SOYBEAN OIL, BAKING SODA, CARRAGEENAN, BARLEY MALT",2.033333333333333
bj,28_bj,Half Baked®,Chocolate & Vanilla Ice Creams mixed with Gobs of Chocolate Chip Cookie Dough & Fudge Brownies,"Ben & Jerry’s is proud to partner with fellow B Corps Greyston & Rhino Bakeries to bring you half baked. The incredible stories behind both the fudge brownies & cookie dough make this a flavor that not only tastes good, but does good.",4.7,887,"CREAM, LIQUID SUGAR (SUGAR, WATER), SKIM MILK, WATER, SUGAR, WHEAT FLOUR, BROWN SUGAR, COCOA (PROCESSED WITH ALKALI), EGG YOLKS, BUTTER (CREAM, SALT), COCOA POWDER, EGGS, EXPELLER PRESSED SOYBEAN OIL, SOYBEAN OIL, INVERT CANE SUGAR, CHOCOLATE LIQUOR, VANILLA EXTRACT, SALT, EGG WHITES, GUAR GUM, MOLASSES, COCOA BUTTER, NATURAL FLAVOR, CARRAGEENAN, SOY LECITHIN, BAKING SODA, MALTED BARLEY FLOUR",0.7604746444032158
bj,29_bj,Ice Cream Sammie,Vanilla Ice Cream with Chocolate Sandwich Cookies & Chocolate Cookie Swirls,"To capture the great taste of the classic ice cream sandwich in a flavor that’s not actually a sandwich, we packed our creamy-rich vanilla ice cream with chocolate sandwich cookies & swirls, best-captured, by you, with a spoon.",5.0,31,"CREAM, SKIM MILK, LIQUID SUGAR (SUGAR, WATER), WATER, SUGAR, WHEAT FLOUR, CANOLA OIL, EGG YOLKS, COCOA PROCESSED WITH ALKALI, COCONUT OIL, SUNFLOWER OIL, COCOA, BUTTEROIL, SALT, BAKING SODA, TAPIOCA STARCH, NATURAL FLAVORS, GUAR GUM, SOY LECITHIN, VANILLA EXTRACT, NATURAL FLAVOR, CARRAGEENAN",2.8328205128205126
bj,32_bj,Minter Wonderland™,Dark Chocolate Mint Ice Cream with Marshmallow Swirls & Chocolate Cookie Swirls,"Imagine a wild ride through the wintriest, chocolate mintiest wonderland of ice cream filled with crunchy cookie swirls and marshmallowy drifts. Honestly, if this flavor was a toboggan, you’d already be on it.",4.7,32,"CREAM, LIQUID SUGAR (SUGAR, WATER), SKIM MILK, WATER, COCOA (PROCESSED WITH ALKALI), SUGAR, CORN SYRUP, CANOLA OIL, WHEAT FLOUR, EGG YOLKS, COCOA, COCONUT OIL, EGG WHITES, NATURAL FLAVORS, TAPIOCA STARCH, GUAR GUM, SALT, PECTIN, SOY LECITHIN, BAKING SODA, CARRAGEENAN",3.150793650793651
bj,33_bj,New York Super Fudge Chunk®,"Chocolate Ice Cream with White & Dark Fudge Chunks, Pecans, Walnuts & Fudge-Covered Almonds","In 1985, to make a name for ourselves in New York, we picked a New York kind of name and created a flavor packed with more kinds of chunks than ever before. We figured if the flavor was euphoric in New York, it would be everywhere. It was, and it is.",4.9,63,"CREAM, LIQUID SUGAR (SUGAR, WATER), SKIM MILK, WATER, COCOA (PROCESSED WITH ALKALI), SUGAR, COCONUT OIL, WALNUTS, PECANS, ROASTED ALMONDS (ALMONDS, PEANUT OIL), DRIED CANE SYRUP, EGG YOLKS, COCOA, MILK FAT, SALT, SOY LECITHIN, VANILLA EXTRACT, GUAR GUM, BUTTEROIL, PEANUT OIL, BUTTER (CREAM), NATURAL FLAVORS, CARRAGEENAN",3.4421296296296293
bj,37_bj,Phish Food®,"Chocolate Ice Cream with Gooey Marshmallow Swirls, Caramel Swirls & Fudge Fish",“Ben was our neighbor through the woods & we're fond of ice cream. So we teamed up to create Phish Food®. A portion of our royalties from this flavor goes toward environmental efforts in Vermont's Lake Champlain Watershed. Enjoy!” - PHISH,4.8,93,"CREAM, WATER, SKIM MILK, LIQUID SUGAR (SUGAR, WATER), CORN SYRUP, SUGAR, COCOA PROCESSED WITH ALKALI, COCONUT OIL, BUTTER (CREAM, SALT), EGG YOLKS, EGG WHITES, VANILLA EXTRACT, NATURAL FLAVOR, GUAR GUM, PECTIN, COCOA, SALT, CARRAGEENAN, BAKING SODA, MILK, SOY LECITHIN",2.408194338341397
bj,39_bj,Pumpkin Cheesecake,Pumpkin Cheesecake Ice Cream with a Graham Cracker Swirl,"We took the great taste of pumpkin cheesecake & gave it an ice cream upgrade, complete with a complementary graham cracker swirl, so it's more than just a great flavor: it's a first-class ticket to pumpkin wonderful.",4.6,58,"CREAM, SKIM MILK, WATER, LIQUID SUGAR (SUGAR, WATER), SUGAR, PUMPKIN PUREE, SOYBEAN OIL, EGG YOLKS, CORN STARCH, CREAM CHEESE (CULTURED PASTEURIZED MILK AND CREAM, SALT, ENZYMES), WHEAT FLOUR, GRAHAM FLOUR, SALT, BUTTEROIL, CANOLA OIL, TAPIOCA STARCH, GUAR GUM, CINNAMON, LACTIC ACID, MOLASSES, HONEY, SOY LECITHIN, BAKING SODA, NATURAL FLAVOR, NUTMEG, GINGER, LEMON JUICE CONCENTRATE, CLOVES, ANNATTO (COLOR), CARRAGEENAN",1.6296296296296295
bj,40_bj,"Red, White & Blueberry",Blueberry & Raspberry Ice Cream swirled with Vanilla Ice Cream with Strawberries & Shortbread Pieces,"Hooray for Red, White & Blueberry! From the strawberried fields of raspberry, blueberry, & vanilla ice creams to the glorious morsels of shortbread, every spoonful’s a salute to taste beyond the fruited plain.",3.4,39,"CREAM, SKIM MILK, WATER, LIQUID SUGAR (SUGAR, WATER), BLUEBERRY PUREE CONCENTRATE, STRAWBERRIES, EGG YOLKS, WHEAT FLOUR, DRIED CANE SYRUP, SUGAR, BUTTER (CREAM, SALT), RASPBERRY PUREE, SOYBEAN OIL, VANILLA EXTRACT, EGGS, GUAR GUM, BAKING SODA, SALT, CARRAGEENAN, LEMON JUICE CONCENTRATE",1.5741496598639455
bj,44_bj,The Tonight Dough®,Caramel & Chocolate Ice Creams with Chocolate Cookie Swirls & Gobs of Chocolate Chip Cookie Dough & Peanut Butter Cookie Dough.,"Inspired by the show & host we love staying up late for, here's a flavor you'll love spooning into - dedicated to SeriousFun Children's Network of global camps for children with serious illnesses. Learn more at seriousfunnetwork.org.",4.7,639,"CREAM, LIQUID SUGAR (SUGAR, WATER), SKIM MILK, WATER, WHEAT FLOUR, SUGAR, COCOA (PROCESSED WITH ALKALI), BROWN SUGAR, CANOLA OIL, EGG YOLKS, PEANUT BUTTER (PEANUTS), CORN SYRUP, EGGS, COCOA, BUTTER (CREAM, SALT), COCONUT OIL, SOYBEAN OIL, SALT, CHOCOLATE LIQUOR, NATURAL FLAVORS, TAPIOCA STARCH, GUAR GUM, BAKING SODA, SOY LECITHIN, MOLASSES, COCOA BUTTER, CARRAGEENAN",1.8493429818973297
bj,45_bj,Triple Caramel Chunk®,Caramel Ice Cream with a Swirl of Caramel & Fudge-Covered Caramel Chunks,"Caramel lovers won’t want to miss a single moment of this must-eat caramel thrillogy, starring creamy caramel ice cream, gooey caramel swirls, and chewy caramel chunks. They probably won’t want it to end, either. Enjoy!",4.3,16,"CREAM, SKIM MILK, WATER, LIQUID SUGAR (SUGAR, WATER), CORN SYRUP, SUGAR, EGG YOLKS, COCONUT OIL, BUTTER (CREAM, SALT), MILK, COCOA (PROCESSED WITH ALKALI), SALT, GUAR GUM, CARRAGEENAN, VANILLA EXTRACT, BAKING SODA, COCOA, SOY LECITHIN, NATURAL FLAVOR",2.3222222222222224
bj,46_bj,Urban Bourbon™,"Burnt Caramel Ice Cream with Almonds, Fudge Flakes & Bourbon Caramel Swirls","Want to enjoy a night on the town without leaving the house? Treat yourself to a caramel concoction that’s bold, toasty and bourbon-swirled, with lots of nuts and fudge for fun.",4.2,181,"CREAM, SKIM MILK, WATER, LIQUID SUGAR (SUGAR, WATER), CORN SYRUP, SUGAR, ALMONDS, COCONUT OIL, EGG YOLKS, COCOA (PROCESSED WITH ALKALI), BUTTER (CREAM, SALT), WHISKEY, CARAMELIZED SUGAR SYRUP, COCOA POWDER, DRY MALT EXTRACT (BARLEY), GUAR GUM, SALT, CARRAGEENAN, BAKING SODA, MILK FAT, SOY LECITHIN, VANILLA EXTRACT, NATURAL FLAVOR",1.7639211665527454
bj,52_bj,"\"Wake & \"\" No Bake \"\" Cookie Dough Core\"","Vanilla Ice Cream with Peanut Butter Cookies, Peanut Butter Ice Cream with Fudge Chips & a No Bake Cookie Dough Core","Now that we’ve core-fully captured the No Bake cookie dough of your dreams in the middle of our fudge-&-cookie-chunked peanut butter and vanilla ice creams, we bet you’ll love how it tastes when you’re awake.",3.3,68,"CREAM, SKIM MILK, LIQUID SUGAR (SUGAR, WATER), WATER, SUGAR, SOYBEAN OIL, PEANUTS, EGG YOLKS, OATS, WHEAT FLOUR, BUTTER (CREAM, SALT), COCONUT OIL, PEANUT OIL, COCOA (PROCESSED WITH ALKALI), NATURAL FLAVOR, SALT, BROWN SUGAR, EGGS, VANILLA EXTRACT, COCOA POWDER, GUAR GUM, BAKING SODA, CARRAGEENAN, MILK FAT, SOY LECITHIN",1.9216142597389834
bj,54_bj,Cookies & Cream Cheesecake Core,Chocolate & Cheesecake Ice Creams with Chocolate Cookies & a Cheesecake Core,"What's it called when you find yourself spoon-deep in a rich center of cheesecake in the middle of a cool ice cream universe of chocolate, cheesecake & cookies? A Core encounter of the Ben & Jerriest kind.",4.4,57,"CREAM, LIQUID SUGAR (SUGAR, WATER), SKIM MILK, WATER, SUGAR, HEAVY CREAM, COCOA (PROCESSED WITH ALKALI), WHEAT FLOUR, EGG YOLKS, BUTTER (CREAM, SALT), CREAM CHEESE (PASTEURIZED MILK AND CREAM, CHEESE CULTURE, SALT, CAROB BEAN GUM, GUAR GUM), MILK PROTEIN CONCENTRATE, COCONUT OIL, BROWN SUGAR, EGGS, NATURAL FLAVOR, SALT, GUAR GUM, CAROB BEAN GUM, MODIFIED FOOD STARCH (CORN), SOY LECITHIN, XANTHAN GUM, BAKING SODA, VANILLA EXTRACT, CARRAGEENAN",1.6814502164502163
hd,0_hd,White Chocolate Raspberry Truffle Ice Cream,"",A truly exquisite ice cream inspired by fine chocolate truffles. We begin with pure white chocolate ice cream and swirl in satisfying chunks of chocolaty fudge truffles and a tangy raspberry ribbon.,4.9,168,"CREAM, SKIM MILK, SUGAR, RASPBERRY PUREE, LACTOSE REDUCED SKIM MILK, CORN SYRUP, EGG YOLKS, COCONUT OIL, SOYBEAN OIL, COCOA PROCESSED WITH ALKALI, COCOA POWDER, NATURAL FLAVOR, LEMON JUICE CONCENTRATE, PECTIN, COCOA BUTTER, SALT, VANILLA EXTRACT",1.75
hd,1_hd,Banana Peanut Butter Chip Ice Cream,"",Ribbons of rich peanut butter and bits of chocolate chips are folded into sweet banana ice cream to create this playfully indulgent flavor.,4.7,80,"CREAM, SKIM MILK, SUGAR, PEANUTS, BANANA PUREE, EGG YOLKS, COCONUT OIL, PEANUT OIL, COCOA PROCESSED WITH ALKALI, BUTTER OIL, SOY LECITHIN, SALT, NATURAL FLAVOR, MILK",2.3640956382553022
hd,3_hd,Bourbon Vanilla Bean Truffle Ice Cream,"","A classic pairing made even better, enjoy creamy vanilla bean ice cream dotted with chocolate truffles and swirled with spicy Bourbon.",4.0,89,"CREAM, SKIM MILK, SUGAR, HONEY, EGG YOLKS, BROWN SUGAR, MOLASSES, COCONUT OIL, SOYBEAN OIL, COCOA PROCESSED WITH ALKALI, BOURBON, COCOA, CORN STARCH, GROUND VANILLA BEANS, NATURAL FLAVORS, VANILLA EXTRACT, PECTIN, SOY LECITHIN",2.043599740090968
hd,6_hd,Caramel Cone Ice Cream,"","We balance a creamy blend of caramel ice cream and rich caramel swirls with the sweet crunch of chocolaty cone pieces to create a sweet, harmonious bite.",4.7,185,"CREAM, SKIM MILK, SUGAR, EGG YOLKS, SWEETENED CONDENSED MILK, MILK, SUGAR, CORN SYRUP, BUTTER, CREAM, SALT, SALT, PECTIN, NATURAL FLAVOR, SUGAR, CONE PIECES, WHEAT FLOUR, SUGAR, SOYBEAN OIL, SOY LECITHIN, SALT, COCONUT OIL, COCOA, COCOA PROCESSED WITH ALKALI, BUTTER OIL, SUGAR, CONDENSED SKIM MILK, CORN SYRUP, WATER, BUTTER, CREAM, SALT, SALT, PECTIN, NATURAL FLAVOR, BAKING SODA",2.3168290043290045
hd,7_hd,Caramel Cone Ice Cream Bar,"","Your favorite Caramel Pizzelle Bar, renamed. Golden ribbons of caramel in creamy vanilla gelato, enrobed in rich milk chocolate and crunchy italian style cone pieces.",4.8,23,"CREAM, SKIM MILK, SUGAR, EGG YOLKS, MILK CHOCOLATE, SUGAR, WHOLE MILK POWDER, CHOCOLATE, COCOA BUTTER, SOY LECITHIN, VANILLA EXTRACT, CORN SYRUP, SWEETENED CONDENSED MILK, CONDENSED MILK, SUGAR, CREAM, SUGAR, WATER, BUTTER, CREAM, SALT, SALT, PECTIN, WHEAT FLOUR, SUGAR, SOYBEAN OIL, SOY LECITHIN",1.2
hd,8_hd,Cherry Vanilla Ice Cream,"","The cherries of spring lend their delightful taste to our cherry vanilla ice cream. It is the perfect combination of pure, sweet cream and juicy black cherries.",4.2,26,"CREAM, SKIM MILK, SUGAR, BLACK CHERRIES, EGG YOLKS, CHERRIES, CHERRY JUICE CONCENTRATE, VANILLA EXTRACT, APPLE JUICE, NATURAL FLAVOR, LEMON JUICE CONCENTRATE, PECTIN",2.013888888888889
hd,9_hd,Chocolate Ice Cream,"","Rich, creamy, and totally indulgent. Made from the finest cocoa and pure, sweet cream, our chocolate ice cream is the ultimate experience.",4.9,90,"CREAM, SKIM MILK, CANE SUGAR, COCOA PROCESSED WITH ALKALI, EGG YOLKS",3.209355459355459
hd,11_hd,Chocolate Chip Cookie Dough Ice Cream,"","For those who relish a taste of something playful, we re-created a childhood treat. We blend chunks of buttery cookie dough and sweet fudge chips with our finest pure vanilla ice cream. Ah, such sweet memories.",3.3,29,"CREAM, SKIM MILK, SUGAR, WHEAT FLOUR, BROWN SUGAR, MOLASSES, SUGAR, BUTTER, CREAM, SALT, EGG YOLKS, COCONUT OIL, VANILLA EXTRACT, COCOA PROCESSED WITH ALKALI, CORN OIL, FRUCTOSE, BUTTER OIL, CORN SYRUP, CORN STARCH, SOY LECITHIN, SALT, BAKING SODA, NATURAL FLAVOR, MILK",1.7895238095238093
hd,12_hd,Chocolate Chocolate Chip Ice Cream,"","Our chocolate chocolate chip ice cream is the perfect combination of pure, sweet cream, fine cocoa, and chocolate chips. Truly a decadent ice cream experience.",4.7,46,"CREAM, SKIM MILK, CANE SUGAR, CHOCOLATE, COCOA PROCESSED WITH ALKALI, EGG YOLKS, COCOA BUTTER, VANILLA EXTRACT",1.4465277777777779
hd,14_hd,Chocolate Fudge Non-Dairy Bar,"","Enjoy an indulgent non-dairy and vegan bar made from Belgian chocolate, cocoa, and swirls of chocolate fudge that’s finished with a decadent rice milk chocolate coating.",5.0,22,"WATER, SUGAR, CORN SYRUP, CHOCOLATE, COCONUT OIL, POWDERED SUGAR, SUGAR, CORN STARCH, COCOA BUTTER, SUNFLOWER OIL, COCOA PROCESSED WITH ALKALI, COCOA, SOYBEAN OIL, SOY LECITHIN, PECTIN, VANILLA EXTRACT, SALT, SUNFLOWER LECITHIN",4.166666666666667
hd,16_hd,Chocolate Salted Fudge Truffle Non-Dairy,"",Rich Belgian chocolate is blended with swirls of sweet salted fudge and chunks of fudge truffles to create an incredible non-dairy and vegan indulgence that isn't missing a thing.,4.8,97,"WATER, SUGAR, CORN SYRUP, BELGIAN CHOCOLATE, POWDERED SUGAR, SUGAR, CORN STARCH, COCOA PROCESSED WITH ALKALI, SUNFLOWER OIL, COCOA, COCONUT OIL, SOYBEAN OIL, SOY LECITHIN, PECTIN, VANILLA EXTRACT, SALT, NATURAL FLAVOR, SUNFLOWER LECITHIN",2.5322420634920633
hd,17_hd,Chocolate Sea Salt Caramel HEAVEN Light Ice Cream,"",Introducing new HEAVEN Chocolate Sea Salt Caramel light ice cream. Sink your spoon into dreamy chocolate light ice cream swirled with a ribbon of decadent sea salt caramel.,4.1,13,"SKIM MILK, CANE SUGAR, CREAM, COCOA PROCESSED WITH ALKALI, EGG YOLKS, CORN SYRUP, SWEETENED CONDENSED MILK, CONDENSED MILK, CANE SUGAR, BUTTER, CREAM, SALT, PECTIN, SEA SALT, SUNFLOWER LECITHIN, BAKING SODA, VITAMIN A PALMITATE",2.8181818181818183
hd,18_hd,Coconut Caramel Non-Dairy,"",This one-of-a-kind non-dairy and vegan creation gives you more of what you love. Enjoy an irresistible combination of creamy coconut and ribbons of luscious caramel.,4.9,11,"COCONUT CREAM (COCONUT EXTRACT, WATER), CORN SYRUP, WATER, SUGAR, PECTIN. CARAMEL SWIRL: BROWN SUGAR, COCONUT CREAM (COCONUT EXTRACT, WATER), WATER, SALT, PECTIN",2.5
hd,19_hd,Coconut Caramel Chocolate TRIO CRISPY LAYERS,"",Layers of creamy coconut and chocolate ice cream mingle with crisp Belgian milk chocolate and luscious caramel sauce for three times the indulgence.,4.6,26,"SKIM MILK, SUGAR, EGG YOLKS, COCONUT CREAM, CORN STARCH, NATURAL FLAVOR, LEMON JUICE CONCENTRATE, CREAM, SKIM MILK, SUGAR, COCOA PROCESSED WITH ALKALI, SUGAR, COCONUT OIL, SOY LECITHIN, CORN SYRUP, SWEETENED CONDENSED MILK, CONDENSED MILK, SUGAR, CREAM, SUGAR, WATER, BUTTER, CREAM, SALT, SALT, PECTIN, SOY LECITHIN",2.0625
hd,22_hd,Coffee Almond Crunch Ice Cream Bar,"",Coffee ice cream bar dipped in rich milk chocolate and almonds.,4.3,42,"CREAM, SKIM MILK, SUGAR, EGG YOLKS, MILK CHOCOLATE, SUGAR, WHOLE MILK POWDER, CHOCOLATE, COCOA BUTTER, SOY LECITHIN, VANILLA EXTRACT, COCONUT OIL, ALMONDS ROASTED IN VEGETABLE OIL, ALMONDS, SAFFLOWER OIL, TOFFEE, CORN SYRUP, SUGAR, BUTTER, CREAM, SALT, BROWN SUGAR, ALMONDS, BAKING SODA, SOY LECITHIN, SALT",2.3922077922077922
hd,23_hd,Coffee Chip Ice Cream,"","We took our beloved Java Chip Ice Cream and made its famous coffee taste even better. Rich, sweet chocolaty chips balance our full-bodied coffee ice cream in this delicious homage to one of life's most perfect pairings.",3.1,111,"CREAM, SKIM MILK, SUGAR, POWDERED SUGAR, SUGAR, CORN STARCH, EGG YOLKS, COCONUT OIL, COFFEE, COCOA PROCESSED WITH ALKALI, BUTTER OIL, SOY LECITHIN, NATURAL FLAVOR, MILK",3.5763888888888893
hd,24_hd,Coffee Vanilla Chocolate TRIO CRISPY LAYERS,"",The rich complexity of our classic coffee ice cream paired with silky vanilla ice cream and an indulgent Belgian chocolate crunch.,4.4,48,"VANILLA ICE CREAM, CREAM, SKIM MILK, CANE SUGAR, EGG YOLKS, VANILLA EXTRACT, COFFEE ICE CREAM, CREAM, SKIM MILK, CANE SUGAR, EGG YOLKS, COFFEE, SUGAR, COCONUT OIL, WHOLE MILK POWDER, COCOA BUTTER, SOY LECITHIN, VANILLA EXTRACT",1.9833333333333336
hd,25_hd,Cold Brew Espresso Chip HEAVEN Light Ice Cream,"",Introducing new HEAVEN Cold Brew Espresso Chip light ice cream. Take a break with this rich and flavorful coffee light ice cream with a burst of chocolate espresso chips.,4.5,18,"SKIM MILK, CREAM, CANE SUGAR, CHOCOLATE, CANE SUGAR, COCOA BUTTER, MILKFAT, SOY LECITHIN, VANILLA EXTRACT, EGG YOLKS, COCONUT OIL, COFFEE, VITAMIN A PALMITATE",0.6666666666666666
hd,26_hd,Cookies and Cream Ice Cream,"","Pieces of rich, chocolaty cookies are dunked in delicious, creamy vanilla ice cream to satisfy the milk-and-cookies kid in all of us.",4.6,23,"CREAM, SKIM MILK, SUGAR, EGG YOLKS, WHEAT FLOUR, VANILLA EXTRACT, COCOA PROCESSED WITH ALKALI, COCONUT OIL, BAKING SODA, CHOCOLATE, SALT",3.127604166666667
hd,27_hd,Double Belgian Chocolate Chip Ice Cream,"","Your favorite Belgian chocolate ice cream, renamed. Our Belgian chocolate combines rich, velvety chocolate ice cream with finely shaved Belgian chocolate for a uniquely textured experience.",4.8,158,"CHOCOLATE ICE CREAM: CREAM, SKIM MILK, DARK CHOCOLATE (BELGIAN CHOCOLATE, SUGAR, COCOA BUTTER, SOY LECITHIN, VANILLA), SUGAR, EGG YOLKS, COCOA PROCESSED WITH ALKALI, VANILLA EXTRACT. CHOCOLATE CHUNKS WITH VEGETABLE OIL: BELGIAN CHOCOLATE (SUGAR, CHOCOLATE, COCOA BUTTER, SOY LECITHIN, NATURAL FLAVOR), COTTONSEED OIL, COCONUT OIL. CONTAINS: MILK, EGG AND SOY INGREDIENTS",3.1374356499356497
hd,28_hd,Dulce de Leche Cookie Squares,"",A rich dark chocolate cookie topped with dulce de leche ice cream and swirls of luscious caramel coated in a milk chocolate shell with a drizzle of dark chocolate.,3.9,35,"ULCE DE LECHE ICE CREAM: CREAM, SKIM MILK, SUGAR, SWEETENED CONDENSED MILK (MILK,SUGAR), EGG YOLKS, CORN SYRUP, BAKING SODA, SALT, VANILLA EXTRACT. MILK CHOCOLATE AND VEGETABLE OIL COATING: MILK CHOCOLATE (SUGAR, WHOLE MILK POWDER, CHOCOLATE, COCOA BUTTER, SOY LECITHIN, VANILLA EXTRACT), COCONUT OIL. CHOCOLATE COOKIE: BLEACHED WHEAT FLOUR, SUGAR, PALM OIL, COCOA PROCESSED WITH ALKALI, CORN SYRUP, MOLASSES, BAKING SODA, SALT, SOY LECITHIN. CARAMEL SWIRL: SWEETENED CONDENSED MILK (MILK, SUGAR), SUGAR, WATER, CORN SYRUP, COCONUT OIL, PECTIN, SOY LECITHIN, SALT, BAKING SODA, VANILLA EXTRACT. DARK CHOCOLATE DRIZZLE WITH VEGETABLE OIL: DARK CHOCOLATE (SUGAR, CHOCOLATE, SOY LECITHIN, VANILLA EXTRACT), COCONUT OIL, SOYBEAN OIL",1.7916666666666665
hd,30_hd,Green Tea Ice Cream,"","We make our green tea ice cream from a highly sought-after Japanese matcha green tea, a ceremonial tea prized for its intense yet delicate essence. enjoy its soothing flavor enhanced with the richness of pure, sweet cream.",4.2,109,"CREAM, SKIM MILK, CANE SUGAR, EGG YOLKS, GREEN TEA",2.513498075998076
hd,31_hd,Honey Salted Caramel Almond Ice Cream,"","This decadent blend of honey ice cream, swirls of salted caramel, and crunchy toasted almonds was lovingly crafted to raise awareness for the honeybees and other pollinators who bring us so many of our favorite ingredients.",5.0,103,"CREAM, SKIM MILK, SUGAR, SWEETENED CONDENSED MILK, CONDENSED MILK, SUGAR, CORN SYRUP, EGG YOLKS, HONEY, BUTTER, CREAM, SALT, SALT, SAFFLOWER OIL, VANILLA EXTRACT, PECTIN, BAKING SODA",2.5
hd,32_hd,Irish Cream Cookie Squares,"",A rich chocolate cookie topped with ice cream that’s infused with Irish Cream before the entire square is dipped in decadent dark chocolate.,4.9,14,"CREAM, SKIM MILK, SUGAR, CORN SYRUP, EGG YOLKS, COFFEE, BOURBON, COCOA, SALT, DARK CHOCOLATE, SUGAR, CHOCOLATE, SOY LECITHIN, VANILLA EXTRACT, COCONUT OIL, BLEACHED WHEAT FLOUR, SUGAR, PALM OIL, CORN SYRUP, COCOA PROCESSED WITH ALKALI, MOLASSES, BAKING SODA, SALT, SUGAR, CORN STARCH, SUNFLOWER OIL, COCOA, SALT, SUGAR, COCOA BUTTER, SKIM MILK, SOY LECITHIN, VANILLA EXTRACT, COCONUT OIL",2.8703703703703702
hd,33_hd,Irish Cream Brownie Ice Cream,"",Irish Cream infused into our ice cream with rich chocolate brownie pieces and a decadent fudge swirl.,4.3,85,"CREAM, SKIM MILK, SUGAR, CORN SYRUP, POWDERED SUGAR, SUGAR, CORN STARCH, EGG YOLKS, SUNFLOWER OIL, COCOA, WHEAT FLOUR, COCOA PROCESSED WITH ALKALI, SOYBEAN OIL, COFFEE, CORN STARCH, EGGS, SALT, NATURAL FLAVORS, SUNFLOWER LECITHIN, BAKING SODA",1.4808913308913307
hd,34_hd,Lemon Sorbet,"","Juicy, sun-ripened lemons create a tart yet sweet fruit sorbet. An indulgent treat with a delicate flavor that dazzles your tongue and refreshes your senses.",4.8,17,"WATER, SUGAR, CORN SYRUP, LEMON JUICE CONCENTRATE, PECTIN, NATURAL FLAVOR, CITRIC ACID",3.3820346320346317
hd,36_hd,Mango Ice Cream,"",Our ode to the tropical flavors of South America combines sweet mango ice cream and slices of juicy mango for a simply perfect treat.,4.8,44,"CREAM, SKIM MILK, SUGAR, MANGO PUREE, MANGO, CORN SYRUP, EGG YOLKS, PECTIN, ORANGE JUICE CONCENTRATE, NATURAL FLAVOR, LEMON JUICE CONCENTRATE",2.5
hd,40_hd,Peanut Butter Chip HEAVEN Light Ice Cream,"","Introducing new HEAVEN Peanut Butter Chip light ice cream. Satisfy your sweet tooth with vanilla light ice cream, a swirl of creamy peanut butter, and the satisfying crunch of chocolate chips.",2.7,25,"SKIM MILK, CREAM, CANE SUGAR, PEANUTS, EGG YOLKS, CHOCOLATE, COCOA BUTTER, PEANUT OIL, VANILLA EXTRACT, SALT, VITAMIN A PALMITATE",1.1666666666666667
hd,41_hd,Peanut Butter Chocolate Fudge Non-Dairy,"","Instead of distracting dairy substitutes, we mix the creamiest peanut butter with ribbons of rich chocolate fudge and crunchy peanuts. It's the ultimate indulgence that just happens to be non-dairy and vegan.",4.6,24,"WATER, CORN SYRUP, SUGAR, PEANUTS, POWDERED SUGAR, SUGAR, CORN STARCH, SUNFLOWER OIL, COCOA, PEANUT OIL, COCONUT OIL, PECTIN, SALT, SUNFLOWER LECITHIN",3.8690476190476195
hd,42_hd,Peanut Butter Chocolate Fudge Non-Dairy Bar,"",Smooth peanut butter is swirled with decadent chocolate fudge then coated in crisp dark chocolate and a dark chocolate drizzle for a playfully pure non-dairy and vegan indulgence.,4.8,32,"PEANUT BUTTER FROZEN DESSERT: WATER, CORN SYRUP, SUGAR, PEANUTS, PEANUT OIL, COCONUT OIL, PECTIN, SALT. DARK CHOCOLATE AND VEGETABLE OIL COATING: DARK CHOCOLATE (SUGAR, CHOCOLATE, SOY LECITHIN, VANILLA EXTRACT), COCONUT OIL, SOYBEAN OIL. SALTED FUDGE SWIRL: POWDERED CANE SUGAR (CANE SUGAR, CORN STARCH), SUNFLOWER OIL, COCOA, SALT, SUNFLOWER LECITHIN",2.845238095238095
hd,43_hd,Peppermint Bark Ice Cream,"",Celebrate the season with our rendition of this holiday classic. Rich white chocolate ice cream is blended with crunchy chocolaty peppermint bark and peppermint candy pieces.,5.0,31,"WHITE CHOCOLATE ICE CREAM (CREAM, SKIM MILK, SUGAR, CORN SYRUP, EGG YOLKS, NATURAL FLAVOR, COCOA BUTTER), PEPPERMINT BARK PIECES (SUGAR, COCONUT OIL, COCOA PROCESSED WITH ALKALI, NONFAT DRY MILK, BUTTERFAT, COCOA, SOY LECITHIN, NATURAL FLAVOR, SALT, CORN SYRUP, VEGETABLE JUICE (FOR COLOR), PEPPERMINT OIL), PEPPERMINT TWISTS CANDY (SUGAR, CORN SYRUP, PALM KERNEL OIL, VEGETABLE JUICE (FOR COLOR), PEPPERMINT OIL, SOY LECITHIN)",4.571428571428571
hd,44_hd,Peppermint Bark Ice Cream Bar,"","Our peppermint bark ice cream bars start with decadent white chocolate ice cream, dipped in thick, dark chocolate, then speckled with cool peppermint candy pieces.",5.0,8,"WHITE CHOCOLATE ICE CREAM: CREAM, SKIM MILK, SUGAR, CORN SYRUP, EGG YOLKS, NATURAL FLAVOR, COCOA BUTTER. DARK CHOCOLATE AND VEGETABLE OIL COATING WITH PEPPERMINT CANDY PIECES: DARK CHOCOLATE (SUGAR, CHOCOLATE, SOY LECITHIN, VANILLA EXTRACT), PEPPERMINT CANDY PIECES: (SUGAR, CORN SYRUP, COCONUT OIL, NATURAL FLAVOR, SOY LECITHIN), COCONUT OIL, SOYBEAN OIL",2.25
hd,45_hd,Pineapple Coconut Ice Cream,"","Let us take you on a voyage to a tropical island where exotic fruits ripen in the golden sun. We combine pure, sweet cream, tropical pineapple, and delectable coconut flavor for a truly indulgent ice cream experience.",4.5,105,"CREAM, SKIM MILK, CANE SUGAR, PINEAPPLE, EGG YOLKS, NATURAL FLAVOR, RUM, SALT",1.4077903091060986
hd,47_hd,Raspberry Sorbet,"","We blended delicious, ripe raspberries into a smooth puree for this tangy yet sweet fruit sorbet. It's refreshing and smooth with a sweet flavor intensity.",4.5,14,"WATER, SUGAR, RASPBERRY PUREE, CORN SYRUP, PECTIN, LEMON JUICE CONCENTRATE",2.25
hd,49_hd,Rosé & Cream Ice Cream,"",Indulge in this new wine infused sweet cream ice cream folded together with a refreshingly tart Rosé flavored swirl.,"","","",2.4638888888888886
hd,50_hd,Ruby Cacao Ice Cream Bar,"","Indulge in the decadent crunch of a ruby cacao shell and our creamy sweet cream ice cream, for a sensorial experience of luscious smoothness with berry fruity notes.",3.5,31,"CREAM, SKIM MILK, SUGAR, COCOA BUTTER, WHOLE MILK POWDER, EGG YOLKS, CHOCOLATE, MILKFAT, CITRIC ACID, SOY LECITHIN.",0.8194444444444443
hd,51_hd,Ruby Cacao Crackle Pistachio Sweet Cream TRIO CRISPY LAYERS,"",Crispy and rich ruby cacao layers complement our smooth pistachio and sweet cream ice cream in this sensorial delight.,4.0,46,"CREAM, SKIM MILK, SUGAR, CORN SYRUP, EGG YOLKS, COCOA BUTTER, WHOLE MILK POWDER, PISTACHIO PASTE, CHOCOLATE, MILKFAT, NATURAL FLAVOR, SOY LECITHIN, CITRIC ACID, VEGETABLE JUICE CONCENTRATE COLOR.",2.502204585537919
hd,52_hd,Rum Raisin Ice Cream,"","We soak plump raisins in rum and add pure, sweet cream for a rich, flavorful experience infused with just the right hint of warmth.",3.5,129,"CREAM, SKIM MILK, CANE SUGAR, RAISINS, EGG YOLKS, RUM",1.9133477633477631
hd,53_hd,Rum Tres Leches Ice Cream,"","A Latin American inspired indulgence, we infuse smooth white Rum into our ice cream then add thick ribbons of dulce de leche and chunks of sweet Tres Leches cake.",4.0,97,"CREAM, SKIM MILK, SUGAR, SWEETENED CONDENSED MILK, CONDENSED MILK, SUGAR, EGG YOLKS, CORN SYRUP, WHEAT FLOUR, PALM OIL, RUM, EGGS, COCONUT OIL, PECTIN, SOY LECITHIN, EVAPORATED MILK, SALT, SOYBEAN OIL, BAKING SODA, NATURAL FLAVORS, POWDERED SUGAR, SUGAR, CORN STARCH",1.7952380952380953
hd,54_hd,Salted Caramel Chocolate TRIO CRISPY LAYERS,"",Journey through layers of lightly salted caramel ice cream and irresistible chocolate ice cream stacked between crisp Belgian chocolate for an unmistakably sophisticated sweetness.,3.4,55,"CREAM, SKIM MILK, CANE SUGAR, COCOA PROCESSED WITH ALKALI, CREAM, SKIM MILK, CANE SUGAR, SWEETENED CONDENSED MILK, MILK, CANE SUGAR, CORN SYRUP, EGG YOLKS, CARAMELIZED SUGAR, CANE SUGAR, WATER, SEA SALT, BAKING SODA, SOY LECITHIN, VANILLA EXTRACT, SUGAR, COCONUT OIL, WHOLE MILK POWDER, COCOA BUTTER, SOY LECITHIN",1.3322222222222222
hd,55_hd,Strawberry Ice Cream,"","We introduce sweet summer strawberries to pure cream and other natural ingredients. Because it's brimming with real fruit, the true flavor of our strawberries comes shining through.",4.8,108,"CREAM, SKIM MILK, STRAWBERRIES, CANE SUGAR, EGG YOLKS",2.6510416666666665
hd,57_hd,Triple Chocolate TRIO CRISPY LAYERS,"","Velvety white chocolate ice cream complemented by smooth milk chocolate ice cream with the delightful crunch of crispy Belgian chocolate layers. At last, the joy of chocolate without having to choose.",3.9,52,"CREAM, SKIM MILK, CANE SUGAR, EGG YOLKS, COCOA BUTTER, CREAM, SKIM MILK, CANE SUGAR, COCOA PROCESSED WITH ALKALI, SUGAR, COCONUT OIL, SOY LECITHIN, VANILLA EXTRACT",1.455
hd,58_hd,Vanilla Cookie Squares,"",A dark chocolate cookie gets even more decadent when it's topped with our signature vanilla ice cream then dipped in a dark chocolate shell and a milk chocolate drizzle.,4.3,32,"CREAM, SKIM MILK, SUGAR, EGG YOLKS, DARK CHOCOLATE, SUGAR, CHOCOLATE, SOY LECITHIN, VANILLA EXTRACT, COCONUT OIL, BLEACHED WHEAT FLOUR, SUGAR, PALM OIL, COCOA PROCESSED WITH ALKALI, CORN SYRUP, MOLASSES, BAKING SODA, SALT, MILK CHOCOLATE, SUGAR, WHOLE MILK POWDER, CHOCOLATE, COCOA BUTTER, SOY LECITHIN, VANILLA EXTRACT",2.8011695906432745
hd,64_hd,Vanilla Chocolate Chip Ice Cream,"","Our delectable chocolate chips are swirled with our creamy, smooth vanilla ice cream, allowing two flavor titans to come together in this classically indulgent treat.",4.5,46,"CREAM, SKIM MILK, SUGAR, LACTOSE REDUCED SKIM MILK, CHOCOLATE, CORN SYRUP, EGG YOLKS, COCOA BUTTER, SALT, VANILLA EXTRACT",2.227405635300372
hd,65_hd,Vanilla Milk Chocolate Ice Cream Bar,"","Pure, sweet vanilla blends with sweet cream to make our incredibly smooth vanilla ice cream. Dipped in a milk chocolate coating and drizzled with fine milk chocolate, it's so thick and delicious you'll find it impossible to resist.",4.6,76,"CREAM, SKIM MILK, SUGAR, EGG YOLKS, VANILLA EXTRACT, MILK CHOCOLATE, SUGAR, WHOLE MILK POWDER, CHOCOLATE, COCOA BUTTER, SOY LECITHIN, VANILLA EXTRACT, COCONUT OIL",1.5
hd,67_hd,Vanilla Swiss Almond Ice Cream,"",An almond lover's delight. Our dry-roasted almonds are lightly coated with sweet chocolate and combined with our distinctive vanilla ice cream. Simple yet perfect.,4.3,129,"CREAM, SKIM MILK, SUGAR, LACTOSE REDUCED SKIM MILK, CORN SYRUP, EGG YOLKS, CHOCOLATE, COCOA BUTTER, SALT",1.6296296296296298
hd,68_hd,Whiskey Hazelnut Latte Ice Cream,"",This new spiked latte inspired treat is a delicious whiskey infused coffee ice cream blended with ribbons of hazelnut fudge and chocolate espresso flakes.,"","","",1.0
talenti,1_talenti,BANANA CARAMEL CRUNCH,"","This flavor was inspired by a classic southern dessert: banana pudding. We started with two smooth and creamy layers of banana pudding gelato and included a layer of our signature Dulce de Leche. To top it off, we mixed in baked pie crust pieces for a unique Talenti twist.",4.2,25,"MILK, BANANAS, SUGAR†, WHEAT FLOUR, CREAM, NONFAT MILK, EGG YOLKS, WATER, EGG WHITES, COCONUT OIL, CORN SYRUP†, LEMON JUICE, WHOLE EGGS, CAROB BEAN GUM, BAKING SODA, VANILLA EXTRACT, NATURAL FLAVOR, SALT",2.392857142857143
talenti,3_talenti,BLACK RASPBERRY CHOCOLATE CHIP GELATO,"","Tart and sweet, our Black Raspberry Chocolate Chip gelato combines black raspberries (from a lovely Oregon father/daughter-run raspberry farm, to boot) with rich chocolatey chips, all folded into a creamy gelato.",4.0,105,"MILK, SUGAR, CREAM, BLACK RASPBERRIES, DEXTROSE, CHOCOLATE (PROCESSED WITH ALKALI), COCONUT OIL, CAROB GUM, SOYBEAN OIL, VANILLA EXTRACT, SOY LECITHIN NATURAL FLAVOR",1.2864060182242
talenti,4_talenti,BLACK RASPBERRY VANILLA PARFAIT,"","This Layer was inspired by one of our favorite desserts – parfaits. It’s well-balanced and has a warm and satisfying taste that we are obsessed with. We start with Black Raspberry gelato which is crafted with black raspberry puree that comes from a farm in the Pacific Northwest. Next, we add oat crisps (which are similar to a crunchy oatmeal cookie) and a third layer of Blueberry sauce which is made from all-American blueberries. Finally we add a fourth layer of vanilla gelato and a fifth layer of oat crisps. We think this Black Raspberry Vanilla Parfait is the perfect dessert!",4.5,65,"MILK, SUGAR, CREAM, BLACK RASPBERRY PUREE, ROLLED OATS, COCONUT OIL, WHEAT FLOUR, WATER, TAPIOCA SYRUP, BROWN SUGAR, BLUEBERRIES, DEXTROSE, NATURAL FLAVOR, SUNFLOWER LECITHIN, CAROB BEAN GUM, GUAR GUM, VANILLA EXTRACT, PECTIN, RED CABBAGE JUICE CONCENTRATE (FOR COLOR), SALT",2.9315476190476195
talenti,5_talenti,CARAMEL APPLE PIE GELATO,"","We start by steeping real cinnamon sticks in fresh milk and cream to make our delectable cinnamon gelato, then blend in bits of flaky piecrust, apple pieces, and a caramel swirl to create this one-of-a-kind Caramel Apple Pie gelato. Our methods might be Italian, but this recipe clearly leans American. This is special batch gelato, meaning it’s only available for a few months when it’s in season!",4.8,115,"MILK, SUGAR, CREAM, DEXTROSE, SKIM MILK, WHEAT FLOUR, CINNAMON, DRIED APPLES, CORN SYRUP, VANILLA EXTRACT, CAROB GUM, COCONUT OIL, BAKING SODA, EGGS, SALT",3.3307246130775545
talenti,7_talenti,CARIBBEAN COCONUT GELATO,"","Fresh milk, cream, sugar and vanilla come together with tender coconut sourced from the Philippines—which is nowhere near the Caribbean. Just go with us on this one because geographical discrepancies taste amazing.",4.5,112,"MILK, SUGAR, CREAM, COCONUT CONCENTRATE, COCONUT, DEXTROSE, CAROB GUM, VANILLA EXTRACT, SALT",1.9020286000549163
talenti,11_talenti,COCONUT ALMOND CHOCOLATE GELATO,"","This flavor is like if Caribbean Coconut Talenti took its best friends on vacation. Coconut shreds, semi-sweet chocolatey flakes, and salted roasted almonds make quite a party.",4.8,82,"MILK, SUGAR, CREAM, CHOCOLATE (PROCESSED WITH ALKALI), ALMONDS, COCONUT CONCENTRATE, COCONUT, DEXTROSE, COCONUT AND SOYBEAN AND SUNFLOWER OILS, SALT, CAROB BEAN GUM, SOY LECITHIN, VANILLA EXTRACT, NATURAL FLAVOR",3.508249158249158
talenti,13_talenti,COFFEE CHOCOLATE CHIP GELATO,"","Coffee sourced from Brazil and Colombia, slow cooked into fresh milk and cream, with semisweet chocolatey chips to give it a Clearly Talenti taste. Be careful. Our Coffee Chocolate Chip gelato could turn you into a coffee gelato snob.",4.5,108,"MILK, SUGAR, EGG YOLK AND EGG, CREAM, DEXTROSE, CHOCOLATE (PROCESSED WITH ALKALI), COFFEE, COCONUT OIL, CAROB GUM, SOYBEAN OIL, NATURAL FLAVOR, SOY LECITHIN",1.8214365881032546
talenti,18_talenti,DOUBLE DARK CHOCOLATE GELATO,"",Our Double Dark Chocolate gelato is blended with semisweet chocolate morsels and just a dash of vermouth. Is it possible to have a crush on a frozen dessert?,4.3,50,"MILK, SUGAR, CREAM, CHOCOLATE, EGG AND EGG YOLK, DEXTROSE, COCOA (PROCESSED WITH ALKALI), VERMOUTH, MILK FAT, COCOA BUTTER, CAROB GUM, CHOCOLATE (PROCESSED WITH ALKALI), SOY LECITHIN, VANILLA EXTRACT",2.214675014352433
talenti,21_talenti,KEY LIME PIE GELATO,"","Real key lime puree provides a bold kick in this tangy, creamy Key Lime Pie gelato that combines with graham cracker swirls and pieces to create this pie-disguised-as-gelato that even a true Floridian could get behind. This is special batch gelato, meaning it’s only available for a few months when it’s in season!",3.6,208,"MILK, SUGAR, CREAM, DEXTROSE, WHEAT FLOUR, COTTONSEED OIL, WHOLE WHEAT GRAHAM FLOUR, COCONUT OIL, CANOLA OIL, CAROB GUM, VANILLA EXTRACT, PALM AND PALM KERNEL OIL, WHEAT BRAN, HONEY, NATURAL FLAVOR, SALT, MOLASSES, SOY LECITHIN, WHEAT GERM, CINNAMON",1.327193282614089
talenti,27_talenti,ORGANIC BROWN BUTTER CARAMEL,"","Here’s a nutty, brown buttery idea. Organic caramel gelato, plus brown butter caramel (with a nutty cooked note to it), plus brown butter caramel swirls, plus a spoon, plus you. Let us know if that works for you.",4.5,20,"ORGANIC SKIM MILK, ORGANIC CANE SUGAR, ORGANIC CREAM, ORGANIC MILK, ORGANIC BUTTER (CREAM, SALT). ORGANIC GLUCOSE SYRUP, ORGANIC EGG YOLKS, ORGANIC DEXTROSE, ORGANIC CARAMELIZED SUGAR (ORGANIC CANE SUGAR, WATER), BAKING SODA, PECTIN, ORGANIC CAROB BEAN GUM, ORGANIC VANILLA EXTRACT, SEA SALT",0.08333333333333333
talenti,29_talenti,ORGANIC GINGER MATCHA GELATO,"","We love this flavor so matcha, we traveled all the way to Japan for it. Dive spoon first into the taste of green tea and organic ginger steeped in organic cream, blended with Japanese matcha. No passport needed.",4.7,21,"ORGANIC SKIM MILK, ORGANIC CREAM, ORGANIC CANE SUGAR, ORGANIC DEXTROSE, ORGANIC GINGER, ORGANIC MATCHA GREEN TEA, ORGANIC GREEN TEA, ORGANIC CAROB BEAN GUM, ORGANIC VANILLA EXTRACT, ORGANIC LEMON JUICE CONCENTRATE",2.5
talenti,30_talenti,ORGANIC OAK-AGED VANILLA GELATO,"","Some things get better with age. Like our new Organic Oak-Aged Vanilla gelato, the mature, more sophisticated cousin of our classic Madagascan Vanilla. It’s an elevated gelato crafted with Organic bourbon Vanilla and hints of oak. It’s a taste you’ll want to take your time with—but might not be able to.",4.8,19,"INGREDIENTS: ORGANIC SKIM MILK, ORGANIC CREAM, ORGANIC CANE SUGAR, ORGANIC DEXTROSE, OAKWOOD EXTRACT, ORGANIC CAROB BEAN GUM, ORGANIC VANILLA EXTRACT",2.3063492063492066
talenti,32_talenti,PEANUT BUTTER FUDGE SORBETTO,"","Our rich, creamy, vegan Peanut Butter Fudge sorbetto features a decadent swirl of dairy-free fudge. Don’t be surprised if you find yourself asking “How did my peanut butter find its way to the freezer? And how does it taste this good?”",4.7,77,"WATER, PEANUTS, SUGAR, DEXTROSE, SALT, COCOA PROCESSED WITH ALKALI, CORN SYRUP, COCONUT OIL, CHOCOLATE, CORN STARCH, SEA SALT, VANILLA EXTRACT, CAROB BEAN GUM, GUAR GUM, XANTHAN GUM",3.4106728462915754
talenti,33_talenti,PEANUT BUTTER VANILLA FUDGE,"","Our Peanut Butter Vanilla Fudge layer started with a decadent peanut butter gelato that is made with real salted peanut butter, (ground peanuts and salt) followed by fair trade peanut butter cups. Next, we added a fudge sauce, a vanilla gelato and finished with peanut butter cookie pieces.",4.6,38,"MILK, SUGAR, CREAM, PEANUTS, COCONUT OIL, WHEAT FLOUR, SKIM MILK, WATER, COCOA PROCESSED WITH ALKALI, BUTTER (CREAM, SALT), CHOCOLATE, DEXTROSE, PEANUT OIL, BROWN SUGAR, EGGS, NATURAL FLAVOR, SALT, SUNFLOWER LECITHIN, VANILLA EXTRACT, CAROB BEAN GUM, COCOA, BAKING SODA, GUAR GUM, SOY LECITHIN",2.2023391812865496
talenti,36_talenti,RASPBERRY CHEESECAKE GELATO,"",We blend real cream cheese with graham cracker crust pieces and a raspberry swirl to create our Raspberry Cheesecake gelato. It’s the perfect choice when you’re looking to order a la mode but don’t want the cake half of the equation.,3.9,76,"MILK, SUGAR, CREAM, CREAM CHEESE (MILK, CREAM, CHEESE CULTURE, SALT, CAROB GUM, GUAR GUM, XANTHAN GUM), CORN SYRUP, ENRICHED FLOUR (WHEAT FLOUR, NIACIN, REDUCED IRON, THAIMIN MONONITRATE, RIBOFLAVIN, FOLIC ACID), BALSAMIC VINEGAR (RED WINE VINEGAR, GRAPE MUST), EGG, WHOLE WHEAT GRAHAM FLOUR, RASPBERRY PUREE, VANILLA EXTRACT, CAROB GUM, MODIFIED CORN STARCH, PALM OIL, BROWN SUGAR, NATURAL FLAVOR, COLOR ADDED, CARRAGEENAN, HONEY, SALT, SOY LECITHIN",2.2357259068231916
talenti,37_talenti,ROMAN RASPBERRY SORBETTO,"","Packed with raspberries, this non-dairy, vegan sorbetto is intensely flavorful. With hints of lemon, it’s the perfect balance of tang and sweetness.",4.7,161,"RASPBERRIES, WATER, SUGAR, DEXTROSE, LEMON JUICE, CAROB BEAN GUM",2.69901885125095
talenti,38_talenti,SALTED CARAMEL TRUFFLE,"","",4.7,160,"MILK, SUGAR, SKIM MILK, CREAM, WATER, COCONUT OIL, CORN SYRUP, WHOLE EGG AND EGG YOLK, COCOA PROCESSED WITH ALKALI, ENRICHED WHEAT FLOUR (WHEAT FLOUR, NIACIN, REDUCED IRON, THIAMIN MONONITRATE, RIBOFLAVIN, FOLIC ACID), DEXTROSE, PALM OIL AND SOYBEAN OIL, BAKING SODA, VANILLA EXTRACT, CAROB BEAN GUM, SUNFLOWER LECITHIN, SEA SALT, SOY LECITHIN, NATURAL FLAVOR, DRIED CANE SYRUP, COCOA, BUTTER (CREAM, SALT), GUAR GUM, CORN STARCH, SALT",2.907154807691906
talenti,40_talenti,SOUTHERN BUTTER PECAN GELATO,"","Roasted pecans coated in butter and a dulce de leche swirl give our Southern Butter Pecan gelato its premium taste. Best enjoyed on rocking chair, on a porch, with a ceiling fan.",4.2,125,"MILK, SUGAR, CREAM, PECANS, EGG YOLK AND EGG, DEXTROSE, SKIM MILK, MOLASSES, CORN SYRUP, CAROB BEAN GUM, COTTONSEED OIL, VANILLA EXTRACT, SALT, NATURAL FLAVOR, SEA SALT",1.990991993229845
talenti,42_talenti,VANILLA BLUEBERRY CRUMBLE GELATO,"","Our Vanilla Blueberry Crumble gelato starts with our vanilla bean gelato and is combined with a real blueberry sauce and brown sugar covered oat crumbles. It’s like eating a delicious, crispy baked dessert a la mode, all at once.",3.9,70,"MILK, SUGAR, CREAM, TAPIOCA SYRUP, DEXTROSE, ROLLED OATS, COCONUT OIL, WHEAT FLOUR, BLUEBERRIES, VANILLA EXTRACT, BROWN SUGAR, NATURAL FLAVOR, CAROB BEAN GUM, VANILLA BEANS, PECTIN, GUAR GUM, COLOR ADDED, SALT, CITRIC ACID, LEMON PEEL",1.7743055555555554
breyers,0_breyers,Natural Vanilla,"","Our Original Vanilla Ice Cream. The way vanilla should taste! Breyers® Natural Vanilla is made with fresh cream, sugar, milk, and Rainforest Alliance Certified vanilla beans. Made with non-GMO sourced ingredients. Its distinctive taste brings out the natural goodness of your favorite fresh fruit desserts, like classic Apple Pie a la Mode or Peach Cobbler.","","","",1.6149977101701876
breyers,4_breyers,Natural Strawberry,"",Sun-ripened California strawberries – so good! AND swirled around in delicious Breyers® ice cream? What could be better? Our Breyers® Natural Strawberry ice cream is packed with strawberries picked at the peak of happiness!,"","","",1.6644557823129253
breyers,5_breyers,Mint Chocolate Chip,"","Cool, white mint ice cream with the real taste of mint and rich chocolatey chips – that’s what Breyers® Mint Chocolate Chip ice cream is all about. A classic dessert! And the perfect combination of mint flavor and rich chocolatey chips for your taste buds to enjoy.","","","",0.7824074074074073
